StudentID,Name,Attendance,Assignments,Tutorials,Volunteering,MOOCs,EventsParticipation,PerformanceLevel,Predicted_Performance
S0001,Layla Kelly,98,7,0,4,0,2,Medium,Medium
S0002,Amelia Phillips,89,7,3,2,2,5,High,Medium
S0003,Samuel Stewart,50,5,4,3,3,0,Low,Low
S0004,Andrew Diaz,96,7,4,5,1,3,High,Medium
S0005,Anthony King,71,3,5,2,2,3,Low,Low
S0006,Joshua Wilson,95,10,1,4,0,1,Medium,Medium
S0007,Ava Davis,50,6,1,0,0,2,Low,Low
S0008,Jack Wright,57,9,2,1,2,3,Low,Low
S0009,Thomas Peterson,93,6,1,4,3,4,Medium,Medium
S0010,Nathan Hill,62,4,0,4,2,0,Low,Low
S0011,Ava Ramos,80,8,4,5,3,5,High,Medium
S0012,Hannah Peterson,85,3,0,5,0,5,Medium,Medium
S0013,Harper Campbell,96,8,0,3,0,1,Medium,Medium
S0014,Chris Nelson,82,4,3,5,0,0,Medium,Medium
S0015,James Allen,99,4,3,2,0,3,Medium,Medium
S0016,William Clark,68,4,4,1,0,5,Low,Low
S0017,Samantha Jones,85,4,3,2,1,4,Medium,Medium
S0018,Luke Cooper,77,6,4,2,3,3,Medium,Medium
S0019,William Gomez,50,7,0,2,3,4,Low,Low
S0020,Gabriel Thomas,56,5,0,0,1,5,Low,Low
S0021,Luke Lopez,85,5,4,4,1,1,Medium,Medium
S0022,Harper Mitchell,64,4,3,1,1,0,Low,Low
S0023,Olivia Jackson,99,4,1,1,0,1,Medium,Medium
S0024,Chloe Cooper,69,10,0,4,3,0,Low,Low
S0025,Charlotte Mitchell,87,8,3,5,0,5,Medium,Medium
S0026,Charlotte Bailey,60,3,1,0,3,1,Low,Low
S0027,Layla Hill,63,7,4,5,0,1,Low,Low
S0028,Madison Collins,69,9,1,1,3,4,Low,Low
S0029,Leo Rogers,91,9,4,3,3,3,High,Medium
S0030,Lily Turner,75,7,5,5,3,3,High,Medium
S0031,Amelia Rivera,89,8,5,2,0,1,Medium,Medium
S0032,Mila Perez,61,10,3,2,3,4,Low,Low
S0033,Joseph Cruz,75,3,2,4,3,4,Medium,Medium
S0034,Emily Lee,69,8,3,4,0,0,Low,Low
S0035,Tyler Kelly,79,8,5,3,0,3,Medium,Medium
S0036,Zoey Perez,96,8,0,3,2,3,Medium,Medium
S0037,Zoe Mitchell,77,5,2,4,2,2,Medium,Medium
S0038,Tyler Jackson,64,5,4,4,3,4,Low,Low
S0039,Anthony Kim,61,10,4,1,3,3,Low,Low
S0040,Ava Garcia,100,8,2,4,2,3,Medium,Medium
S0041,Mia Nguyen,70,7,5,0,1,0,Low,Low
S0042,Owen Nelson,100,3,0,0,3,2,Medium,Medium
S0043,Logan Cooper,95,10,0,2,3,1,Medium,Medium
S0044,Lily Martin,97,8,1,1,1,3,Medium,Medium
S0045,Isabella Murphy,68,6,3,0,2,4,Low,Low
S0046,Mia Cruz,67,4,0,2,0,5,Low,Low
S0047,Aaron Taylor,53,7,3,0,2,3,Low,Low
S0048,Sarah Rogers,88,9,0,3,3,3,Medium,Medium
S0049,Emma Rivera,77,6,0,5,0,2,Medium,Medium
S0050,Daniel Bailey,79,6,2,1,0,2,Medium,Medium
S0051,Zoe Torres,85,7,3,5,2,5,High,Medium
S0052,Olivia Lopez,73,8,4,3,3,2,Low,Low
S0053,Owen Ortiz,99,4,3,5,1,2,Medium,Medium
S0054,Charlotte Nelson,79,7,4,3,1,0,Medium,Medium
S0055,Matthew Jones,51,3,1,5,2,3,Low,Low
S0056,Olivia Moore,56,4,2,5,3,4,Low,Low
S0057,Andrew Perez,83,6,4,1,0,5,Medium,Medium
S0058,Ryan Murphy,68,4,3,2,1,0,Low,Low
S0059,Alex Sanchez,92,9,3,3,3,2,Medium,Medium
S0060,Alex Moore,83,5,2,0,3,0,Medium,Medium
S0061,Samantha Williams,97,7,3,0,3,3,Medium,Medium
S0062,Lily Walker,63,3,5,1,0,3,Low,Low
S0063,Logan Hill,57,10,0,0,3,3,Low,Low
S0064,Ethan Hill,79,6,3,1,1,3,Medium,Medium
S0065,Owen Adams,99,6,2,5,1,0,Medium,Medium
S0066,Ryan Parker,63,3,4,4,0,3,Low,Low
S0067,Matthew Morales,59,3,1,2,0,1,Low,Low
S0068,Julian Torres,97,5,1,1,2,2,Medium,Medium
S0069,Avery Clark,51,6,5,0,3,0,Low,Low
S0070,Owen Taylor,74,10,3,2,0,4,Low,Low
S0071,Ryan Ward,89,5,1,0,3,0,Medium,Medium
S0072,Riley Lewis,77,10,1,4,1,2,Medium,Medium
S0073,Joseph Harris,100,5,4,3,0,3,Medium,Medium
S0074,Jessica Rogers,85,7,2,4,1,0,Medium,Medium
S0075,Chris Ramirez,79,10,4,2,2,3,High,Medium
S0076,Zoey Ward,97,3,3,0,0,4,Medium,Medium
S0077,Matthew Walker,69,5,1,2,2,5,Low,Low
S0078,Camila Mitchell,56,4,2,4,1,4,Low,Low
S0079,Amelia Hall,90,10,4,1,1,2,Medium,Medium
S0080,Jane Thomas,82,4,2,5,3,0,Medium,Medium
S0081,Penelope Thomas,77,7,5,0,0,3,Medium,Medium
S0082,Joseph Baker,94,5,5,3,1,0,Medium,Medium
S0083,Robert Cruz,83,8,4,3,0,4,Medium,Medium
S0084,Ryan Allen,86,7,4,1,1,1,Medium,Medium
S0085,Alex Campbell,87,6,5,1,3,2,Medium,Medium
S0086,Michael Howard,85,4,0,1,0,2,Medium,Medium
S0087,Olivia Diaz,74,10,3,2,0,4,Low,Low
S0088,Nora Ward,97,5,5,4,1,3,Medium,Medium
S0089,Jessica Jackson,61,10,1,0,2,2,Low,Low
S0090,Aurora Baker,92,6,2,2,1,4,Medium,Medium
S0091,Olivia Mitchell,53,3,4,2,2,2,Low,Low
S0092,Chloe Roberts,94,5,4,3,3,2,Medium,Medium
S0093,Alex Thomas,74,4,0,5,3,5,Low,Low
S0094,Robert Nelson,62,8,3,4,2,1,Low,Low
S0095,Adam Reed,71,6,0,0,3,4,Low,Low
S0096,David Morales,66,5,2,4,1,3,Low,Low
S0097,Mila Martin,95,10,5,4,0,5,Medium,Medium
S0098,Owen Morgan,78,4,5,1,3,4,Medium,Medium
S0099,Adam Diaz,92,6,5,1,2,2,Medium,Medium
S0100,Nathan Cruz,58,3,4,3,1,4,Low,Low
S0101,Penelope Anderson,100,3,4,4,1,5,Medium,Medium
S0102,Mia Ramos,63,9,5,3,2,5,Low,Low
S0103,Thomas Peterson,65,3,4,5,1,1,Low,Low
S0104,Samantha Robinson,51,9,5,3,0,2,Low,Low
S0105,Elijah Collins,82,5,0,0,0,5,Medium,Medium
S0106,Ethan Harris,77,6,1,3,2,0,Medium,Medium
S0107,David Richardson,75,4,2,1,1,2,Medium,Medium
S0108,Emily Brown,66,4,5,4,0,2,Low,Low
S0109,Victoria Lee,56,4,3,0,1,5,Low,Low
S0110,Grace Martin,53,6,1,0,1,4,Low,Low
S0111,Joshua Collins,67,10,1,5,1,4,Low,Low
S0112,Chris Howard,58,7,0,0,3,4,Low,Low
S0113,Grace Phillips,93,8,0,0,0,2,Medium,Medium
S0114,Alex Nguyen,68,6,5,1,2,1,Low,Low
S0115,Mia Baker,51,10,1,5,3,2,Low,Low
S0116,Ella Ramos,50,10,5,2,1,2,Low,Low
S0117,Lily Gonzalez,94,7,2,0,1,3,Medium,Medium
S0118,Riley Collins,53,4,2,2,0,5,Low,Low
S0119,Mila Phillips,55,5,2,5,0,2,Low,Low
S0120,Jack Cox,95,10,5,5,1,1,Medium,Medium
S0121,Sophia King,88,8,4,1,0,2,Medium,Medium
S0122,Alex Clark,81,3,2,4,2,2,Medium,Medium
S0123,Luke Walker,68,6,1,4,2,1,Low,Low
S0124,Chloe Turner,97,10,2,5,1,5,Medium,Medium
S0125,Michael King,66,4,4,2,0,1,Low,Low
S0126,Isaac Young,51,10,3,1,3,1,Low,Low
S0127,Nora Clark,80,5,3,3,3,2,Medium,Medium
S0128,Chloe Ward,79,10,3,2,0,2,Medium,Medium
S0129,Henry Mitchell,88,4,3,0,3,3,Medium,Medium
S0130,Victoria Clark,100,10,3,2,0,5,Medium,Medium
S0131,Benjamin Adams,97,10,5,4,1,0,Medium,Medium
S0132,Daniel Jones,68,8,5,3,0,2,Low,Low
S0133,Riley Peterson,98,4,5,3,0,2,Medium,Medium
S0134,Julian Cook,97,6,0,4,1,1,Medium,Medium
S0135,Avery Anderson,99,9,4,4,0,1,Medium,Medium
S0136,Alex Murphy,90,8,4,2,2,3,High,Medium
S0137,Luke Lewis,81,5,0,5,3,3,Medium,Medium
S0138,Logan Reyes,78,6,0,1,1,0,Medium,Medium
S0139,Daniel Lewis,83,4,3,1,1,2,Medium,Medium
S0140,Ethan Thomas,71,10,4,2,0,1,Low,Low
S0141,Layla Ramirez,77,6,4,3,0,0,Medium,Medium
S0142,Ava Johnson,59,8,5,2,1,2,Low,Low
S0143,Tyler Peterson,58,9,2,3,0,4,Low,Low
S0144,Ella Bailey,83,3,4,2,3,4,Medium,Medium
S0145,Zoey Cruz,84,9,3,1,3,0,Medium,Medium
S0146,Ella Cook,99,10,2,4,0,2,Medium,Medium
S0147,Daniel Nguyen,89,5,3,0,1,0,Medium,Medium
S0148,Julian Anderson,72,4,4,2,0,1,Low,Low
S0149,Alex Parker,94,8,4,0,0,0,Medium,Medium
S0150,Amelia Allen,59,7,2,5,0,0,Low,Low
S0151,Scarlett Cox,71,6,3,4,0,1,Low,Low
S0152,Emma Bailey,90,6,5,0,3,0,Medium,Medium
S0153,Gabriel Perez,61,10,1,4,3,0,Low,Low
S0154,Tyler Mitchell,59,6,5,3,1,5,Low,Low
S0155,Mason Nelson,91,8,3,0,0,1,Medium,Medium
S0156,Jane Parker,69,7,2,1,2,2,Low,Low
S0157,Isaac Thomas,50,5,1,1,1,4,Low,Low
S0158,Andrew Flores,64,4,2,3,2,4,Low,Low
S0159,Nathan Miller,61,10,0,0,3,0,Low,Low
S0160,Victoria Taylor,95,9,5,4,0,3,Medium,Medium
S0161,Luke Wright,99,4,1,2,1,1,Medium,Medium
S0162,Sarah Morgan,83,4,5,4,2,2,Medium,Medium
S0163,Joshua Nelson,80,7,2,3,1,1,Medium,Medium
S0164,Jane Morris,59,9,4,2,2,1,Low,Low
S0165,Charlotte Ramos,93,8,1,0,2,2,Medium,Medium
S0166,Riley Nelson,71,4,1,2,2,3,Low,Low
S0167,Emma Clark,86,8,5,5,3,0,Medium,Medium
S0168,Elijah Peterson,60,3,4,3,3,0,Low,Low
S0169,Avery Kelly,72,9,3,3,1,1,Low,Low
S0170,Aurora Hernandez,89,6,5,2,2,2,Medium,Medium
S0171,Aaron Green,80,5,5,1,3,3,Medium,Medium
S0172,Ava Cooper,52,4,2,5,3,4,Low,Low
S0173,Sophia Johnson,86,3,4,5,0,2,Medium,Medium
S0174,Sophia Baker,77,8,2,0,3,5,Medium,Medium
S0175,Aurora Roberts,82,6,5,5,1,2,Medium,Medium
S0176,Michael Martinez,69,5,3,4,3,2,Low,Low
S0177,Aurora Anderson,88,10,4,0,1,3,Medium,Medium
S0178,Benjamin Thompson,67,8,1,2,3,5,Low,Low
S0179,Joseph Cook,79,9,5,0,2,5,Medium,Medium
S0180,Henry Harris,100,10,2,2,3,3,Medium,Medium
S0181,Luke Morris,53,3,0,5,0,0,Low,Low
S0182,Chris Kim,62,10,2,1,3,5,Low,Low
S0183,Mia Cooper,92,7,2,4,3,5,Medium,Medium
S0184,Mason Thomas,77,3,4,1,2,0,Medium,Medium
S0185,Scarlett Gutierrez,60,8,1,3,0,2,Low,Low
S0186,Madison Murphy,81,4,5,3,0,5,Medium,Medium
S0187,Henry Cox,66,9,1,1,2,1,Low,Low
S0188,Isabella Gutierrez,83,10,1,2,2,1,Medium,Medium
S0189,Grace Gonzalez,62,9,0,2,3,0,Low,Low
S0190,Leo Baker,63,6,5,3,3,5,Low,Low
S0191,Samantha Gutierrez,60,9,3,5,2,0,Low,Low
S0192,Riley Cooper,88,3,4,4,2,4,Medium,Medium
S0193,Elijah White,82,7,5,0,1,0,Medium,Medium
S0194,Zoe Parker,95,4,4,4,1,4,Medium,Medium
S0195,Tyler Peterson,82,7,0,0,1,5,Medium,Medium
S0196,Isaac Cox,80,4,0,1,3,3,Medium,Medium
S0197,Charlotte Morgan,78,7,2,0,1,4,Medium,Medium
S0198,Jane Richardson,98,7,0,0,3,1,Medium,Medium
S0199,James Roberts,82,3,4,1,3,3,Medium,Medium
S0200,William Morris,74,4,0,1,2,5,Low,Low
S0201,Hannah Sanchez,56,3,1,2,3,4,Low,Low
S0202,Robert Nelson,80,9,3,2,2,3,High,Medium
S0203,Isaac Taylor,75,4,3,0,1,5,Medium,Medium
S0204,Hannah Stewart,96,5,2,1,1,3,Medium,Medium
S0205,Harper Johnson,57,7,5,0,0,3,Low,Low
S0206,Charles Wilson,73,5,4,0,0,1,Low,Low
S0207,Robert Reed,83,10,3,5,0,1,Medium,Medium
S0208,Aria Lee,91,5,0,2,1,3,Medium,Medium
S0209,Emily Campbell,56,7,0,1,1,5,Low,Low
S0210,Luke Ortiz,80,7,4,1,1,1,Medium,Medium
S0211,Tyler Walker,71,3,5,2,2,4,Low,Low
S0212,Robert Williams,50,6,5,3,0,3,Low,Low
S0213,Elijah Green,94,7,4,0,1,4,Medium,Medium
S0214,James Williams,71,6,4,5,1,3,Low,Low
S0215,Abigail Kelly,89,4,5,3,0,3,Medium,Medium
S0216,Ryan Collins,56,10,0,2,2,4,Low,Low
S0217,John Lee,55,4,1,2,3,0,Low,Low
S0218,Nathan Perez,84,10,0,5,3,3,Medium,Medium
S0219,Victoria Miller,66,5,1,4,0,5,Low,Low
S0220,Michael Gutierrez,94,8,4,5,2,5,High,Medium
S0221,Alex Turner,50,4,4,2,0,5,Low,Low
S0222,Hannah Garcia,85,8,5,5,1,1,Medium,Medium
S0223,Charlotte Collins,99,3,2,1,1,5,Medium,Medium
S0224,Andrew Bailey,85,8,2,5,2,4,Medium,Medium
S0225,Mason Howard,76,6,4,5,0,5,Medium,Medium
S0226,Elijah Adams,62,8,4,0,1,0,Low,Low
S0227,Brooklyn Peterson,73,10,4,2,0,4,Low,Low
S0228,James Collins,95,9,0,3,3,1,Medium,Medium
S0229,Charlotte Allen,57,4,4,4,0,3,Low,Low
S0230,Alex Gutierrez,78,9,0,5,3,2,Medium,Medium
S0231,Avery Taylor,97,9,4,2,0,3,Medium,Medium
S0232,Olivia Morales,83,4,3,3,2,0,Medium,Medium
S0233,Scarlett Cook,69,9,1,4,0,5,Low,Low
S0234,Abigail Lee,84,3,5,3,1,2,Medium,Medium
S0235,Hannah Flores,78,7,4,4,2,5,High,Medium
S0236,Michael Sanchez,80,8,0,3,2,4,Medium,Medium
S0237,Camila Martinez,69,8,5,0,1,3,Low,Low
S0238,Tyler Collins,74,3,1,2,1,5,Low,Low
S0239,Aaron Ramos,50,9,0,4,3,1,Low,Low
S0240,Nora Edwards,62,5,2,0,3,0,Low,Low
S0241,Alex Thompson,69,3,5,0,0,2,Low,Low
S0242,Logan Edwards,61,7,4,4,1,3,Low,Low
S0243,Luna Nguyen,52,3,2,4,2,3,Low,Low
S0244,Chris Wright,62,10,1,2,1,2,Low,Low
S0245,Penelope Torres,88,8,4,0,0,0,Medium,Medium
S0246,Elijah Ramirez,79,4,0,2,1,1,Medium,Medium
S0247,Ella Edwards,56,4,3,0,2,1,Low,Low
S0248,Mila Thompson,97,10,1,4,1,2,Medium,Medium
S0249,Adam Green,88,6,4,3,3,3,Medium,Medium
S0250,Grace Diaz,98,10,2,3,2,1,Medium,Medium
S0251,Adam Garcia,79,7,4,2,0,0,Medium,Medium
S0252,Sarah Lee,70,5,4,3,2,0,Low,Low
S0253,Grace Cruz,69,5,3,3,1,4,Low,Low
S0254,Avery Jackson,97,7,0,0,0,2,Medium,Medium
S0255,Samuel Miller,63,9,5,5,2,4,Low,Low
S0256,Emma Rogers,68,6,4,2,0,5,Low,Low
S0257,Nathan Young,59,9,4,4,2,2,Low,Low
S0258,Henry Roberts,59,10,2,1,2,4,Low,Low
S0259,Hannah King,52,9,0,4,0,5,Low,Low
S0260,Penelope Murphy,65,3,1,3,2,2,Low,Low
S0261,Alex Ortiz,62,9,1,4,2,5,Low,Low
S0262,Sarah Diaz,92,9,3,1,1,0,Medium,Medium
S0263,David Edwards,64,8,4,1,3,1,Low,Low
S0264,Anthony Miller,83,5,4,3,2,2,Medium,Medium
S0265,Tyler Smith,96,8,0,2,1,0,Medium,Medium
S0266,Emily Garcia,80,7,0,0,0,5,Medium,Medium
S0267,Isaac Parker,86,9,2,4,1,2,Medium,Medium
S0268,Camila Carter,72,3,4,5,1,1,Low,Low
S0269,Madison Thompson,59,5,1,2,2,1,Low,Low
S0270,Chloe Sanchez,73,10,1,5,2,2,Low,Low
S0271,Isaac Stewart,77,5,2,5,0,2,Medium,Medium
S0272,Mia Richardson,67,4,2,1,0,1,Low,Low
S0273,Riley Rogers,76,4,5,2,3,4,Medium,Medium
S0274,Thomas Ramos,87,5,5,5,3,4,Medium,Medium
S0275,Sophia Jackson,61,10,4,4,0,1,Low,Low
S0276,Luna Reed,66,5,5,2,1,3,Low,Low
S0277,Harper Taylor,60,9,1,4,3,0,Low,Low
S0278,Harper Hall,87,6,0,5,0,4,Medium,Medium
S0279,Layla Diaz,83,6,0,4,2,5,Medium,Medium
S0280,Jessica Collins,53,5,3,3,3,5,Low,Low
S0281,Charles Rogers,66,5,4,2,1,2,Low,Low
S0282,Penelope Lee,67,3,1,5,1,1,Low,Low
S0283,Madison Roberts,75,4,0,4,1,3,Medium,Medium
S0284,Mason Gonzalez,85,5,4,0,3,4,Medium,Medium
S0285,Elijah Cox,92,6,3,5,0,5,Medium,Medium
S0286,Charles Murphy,69,10,5,2,1,0,Low,Low
S0287,Victoria Davis,65,3,2,1,2,1,Low,Low
S0288,Amelia Jones,84,8,2,5,2,5,Medium,Medium
S0289,Andrew Kim,64,9,5,1,3,1,Low,Low
S0290,Chloe Johnson,95,9,5,0,2,3,Medium,Medium
S0291,Michael Phillips,72,8,0,4,3,3,Low,Low
S0292,Luna Morgan,53,6,0,5,1,5,Low,Low
S0293,Joshua Lewis,82,9,1,3,0,4,Medium,Medium
S0294,Zoe Peterson,85,3,2,2,1,2,Medium,Medium
S0295,Sebastian Ortiz,83,6,2,2,1,0,Medium,Medium
S0296,Julian Jackson,64,9,0,0,1,0,Low,Low
S0297,Henry Miller,66,4,2,5,0,3,Low,Low
S0298,Victoria Phillips,88,8,4,0,0,5,Medium,Medium
S0299,David Thompson,57,5,4,1,1,1,Low,Low
S0300,Charles Rogers,66,6,3,3,1,1,Low,Low
S0301,Benjamin Morgan,52,7,3,1,0,2,Low,Low
S0302,Thomas Jones,81,10,3,1,3,3,Medium,Medium
S0303,Ryan Morales,79,7,0,5,0,2,Medium,Medium
S0304,William Collins,96,10,5,3,1,2,Medium,Medium
S0305,Gabriel Ward,95,6,2,0,3,2,Medium,Medium
S0306,Ella Wilson,88,4,4,1,3,5,Medium,Medium
S0307,Emma Brown,94,5,1,0,2,2,Medium,Medium
S0308,Anthony Moore,87,9,5,0,0,1,Medium,Medium
S0309,Charlotte Morgan,80,7,1,4,0,3,Medium,Medium
S0310,Charlotte Morris,95,5,3,3,3,3,Medium,Medium
S0311,Ryan Jackson,77,7,2,1,0,5,Medium,Medium
S0312,Amelia Torres,100,4,3,5,1,1,Medium,Medium
S0313,Benjamin Reyes,95,4,4,3,1,5,Medium,Medium
S0314,Riley Ramirez,77,10,2,1,1,5,Medium,Medium
S0315,Grace Flores,84,7,5,1,0,3,Medium,Medium
S0316,Ella Perez,86,6,0,2,2,0,Medium,Medium
S0317,Luke Murphy,82,7,3,5,1,4,High,Medium
S0318,Ava Anderson,81,9,5,2,3,3,High,Medium
S0319,Nora Young,68,3,2,2,1,1,Low,Low
S0320,Anthony Allen,70,5,5,5,1,4,Low,Low
S0321,Emma Parker,95,6,3,0,0,3,Medium,Medium
S0322,Aaron Rogers,90,7,5,4,0,3,Medium,Medium
S0323,Zoe Ward,75,9,5,4,3,3,High,Medium
S0324,Isaac Walker,71,6,4,2,1,4,Low,Low
S0325,Abigail Lewis,78,4,2,5,1,5,Medium,Medium
S0326,Emily Evans,72,6,2,1,2,5,Low,Low
S0327,Joseph Wilson,60,7,2,4,3,3,Low,Low
S0328,Samantha Wilson,100,8,1,4,0,4,Medium,Medium
S0329,John Cooper,81,10,5,3,2,3,High,Medium
S0330,Nathan Bailey,86,4,1,5,1,3,Medium,Medium
S0331,Benjamin Cooper,72,7,1,4,1,5,Low,Low
S0332,Harper Kelly,79,6,4,5,0,2,Medium,Medium
S0333,Jane Clark,94,7,3,5,1,4,High,Medium
S0334,Jane Reyes,70,10,3,2,2,1,Low,Low
S0335,Adam Howard,83,7,3,4,1,1,Medium,Medium
S0336,Chris Hill,76,10,5,0,2,5,Medium,Medium
S0337,Isabella Morgan,76,10,5,0,2,3,Medium,Medium
S0338,Thomas Kim,64,9,4,5,2,4,Low,Low
S0339,Joseph Collins,60,6,3,0,3,3,Low,Low
S0340,Ethan Turner,59,3,5,2,0,5,Low,Low
S0341,Samuel King,98,5,1,3,2,2,Medium,Medium
S0342,Mason Martinez,75,4,0,0,2,0,Medium,Medium
S0343,Matthew Rivera,90,7,4,2,0,0,Medium,Medium
S0344,Alex Green,56,9,4,5,0,1,Low,Low
S0345,Charlotte Hill,70,5,2,4,2,2,Low,Low
S0346,Julian Martinez,95,8,2,0,3,2,Medium,Medium
S0347,Logan Wilson,93,6,3,0,1,4,Medium,Medium
S0348,Chris Peterson,71,6,4,3,1,2,Low,Low
S0349,Owen Cook,74,5,0,2,1,1,Low,Low
S0350,Adam Smith,65,6,1,3,3,5,Low,Low
S0351,Penelope Gonzalez,96,4,3,4,2,1,Medium,Medium
S0352,Robert Garcia,62,3,2,5,1,3,Low,Low
S0353,Aaron Lopez,58,4,0,1,1,1,Low,Low
S0354,Harper Peterson,92,7,0,0,2,2,Medium,Medium
S0355,Andrew King,87,8,3,2,1,3,High,Medium
S0356,Luke Ramos,91,5,1,1,1,2,Medium,Medium
S0357,Mila Rivera,70,4,0,3,3,4,Low,Low
S0358,Elijah Thompson,72,5,4,5,1,1,Low,Low
S0359,John Torres,74,10,0,5,2,3,Low,Low
S0360,Jane Murphy,96,3,3,5,1,5,Medium,Medium
S0361,Anthony Baker,79,7,0,5,3,0,Medium,Medium
S0362,William Turner,62,9,2,3,0,2,Low,Low
S0363,Ryan Cooper,82,10,4,4,1,3,High,Medium
S0364,Gabriel Smith,86,3,1,2,2,0,Medium,Medium
S0365,Nora Cox,95,8,2,0,3,4,Medium,Medium
S0366,Madison Thompson,95,7,5,0,1,0,Medium,Medium
S0367,Owen Lewis,66,3,1,4,2,2,Low,Low
S0368,Aurora Parker,97,5,5,4,3,1,Medium,Medium
S0369,Anthony Ramos,56,3,3,1,2,0,Low,Low
S0370,Lily Lewis,75,9,5,1,1,4,Medium,Medium
S0371,Alex Garcia,61,5,2,0,1,0,Low,Low
S0372,Sebastian Stewart,50,5,2,5,3,2,Low,Low
S0373,Mila Morris,77,3,2,4,2,2,Medium,Medium
S0374,Aaron King,68,8,1,1,2,1,Low,Low
S0375,Amelia Wright,61,4,4,0,0,4,Low,Low
S0376,Thomas Brown,61,7,5,1,0,2,Low,Low
S0377,Madison Nelson,86,6,2,3,3,0,Medium,Medium
S0378,Madison Nelson,68,10,4,1,2,0,Low,Low
S0379,Tyler Reyes,62,9,0,5,3,3,Low,Low
S0380,Luke Wright,80,8,0,1,1,3,Medium,Medium
S0381,Andrew Cruz,88,3,0,3,0,2,Medium,Medium
S0382,Jack Rogers,61,5,0,4,0,2,Low,Low
S0383,Joshua Adams,90,9,0,3,2,2,Medium,Medium
S0384,Penelope Gutierrez,78,10,2,3,0,4,Medium,Medium
S0385,Julian Sanchez,93,5,3,4,2,3,Medium,Medium
S0386,Samuel Hernandez,77,10,0,5,1,1,Medium,Medium
S0387,Elijah King,84,7,2,2,2,0,Medium,Medium
S0388,Nora Parker,70,3,2,4,3,4,Low,Low
S0389,Mason Robinson,88,7,4,5,3,5,High,Medium
S0390,Samuel Garcia,81,8,5,0,1,4,Medium,Medium
S0391,Owen Rogers,63,5,1,2,1,0,Low,Low
S0392,Ava Campbell,80,4,5,3,3,1,Medium,Medium
S0393,Scarlett Lewis,89,3,0,3,1,4,Medium,Medium
S0394,David White,89,4,5,2,0,3,Medium,Medium
S0395,Scarlett White,55,10,1,0,0,1,Low,Low
S0396,Ethan Phillips,97,9,3,0,0,1,Medium,Medium
S0397,Anthony Perez,98,6,2,0,1,0,Medium,Medium
S0398,Jack King,51,3,1,5,2,3,Low,Low
S0399,Benjamin Robinson,79,5,2,0,0,0,Medium,Medium
S0400,Sebastian Ward,88,3,1,0,3,5,Medium,Medium
S0401,Henry Parker,81,6,0,3,3,0,Medium,Medium
S0402,Jack Moore,54,3,1,1,1,2,Low,Low
S0403,Madison Thompson,57,9,0,3,0,2,Low,Low
S0404,James Flores,83,4,5,1,1,3,Medium,Medium
S0405,Joseph Reyes,52,7,5,4,1,3,Low,Low
S0406,James Campbell,83,10,1,0,2,5,Medium,Medium
S0407,Chloe Rivera,72,8,1,2,0,5,Low,Low
S0408,Charlotte Scott,67,6,1,5,2,1,Low,Low
S0409,Amelia Johnson,53,9,2,4,1,1,Low,Low
S0410,Sebastian Clark,72,10,5,0,1,3,Low,Low
S0411,Emily Gomez,51,7,5,0,1,0,Low,Low
S0412,Amelia Cook,76,4,5,4,3,5,Medium,Medium
S0413,Hannah Morales,52,7,2,0,3,2,Low,Low
S0414,Ava Murphy,79,4,5,5,1,2,Medium,Medium
S0415,Logan Edwards,71,4,1,0,2,5,Low,Low
S0416,Chris Evans,52,5,4,5,1,3,Low,Low
S0417,Camila Phillips,74,4,0,5,2,4,Low,Low
S0418,Aria Rivera,94,8,0,2,3,1,Medium,Medium
S0419,Mason Ramirez,74,10,4,5,2,2,Low,Low
S0420,Avery Kelly,97,8,5,4,0,2,Medium,Medium
S0421,Grace Morales,66,6,3,4,1,1,Low,Low
S0422,Amelia King,50,9,4,5,0,5,Low,Low
S0423,Zoey Torres,78,9,1,1,0,3,Medium,Medium
S0424,Amelia Taylor,55,7,5,3,3,2,Low,Low
S0425,Benjamin Rogers,55,7,3,5,3,3,Low,Low
S0426,Luke Brown,83,8,2,1,2,0,Medium,Medium
S0427,Logan Young,85,10,5,3,1,2,Medium,Medium
S0428,Thomas Gonzalez,65,4,0,1,2,1,Low,Low
S0429,Nora Lewis,86,10,1,4,0,0,Medium,Medium
S0430,Benjamin Cruz,52,3,5,0,1,3,Low,Low
S0431,Isabella Lewis,51,8,3,4,0,5,Low,Low
S0432,Isaac Edwards,62,4,1,3,3,3,Low,Low
S0433,Nathan White,96,6,0,0,0,1,Medium,Medium
S0434,Adam Cox,86,10,5,0,2,3,Medium,Medium
S0435,Isaac Davis,85,5,3,1,0,3,Medium,Medium
S0436,Robert Jones,83,3,4,4,3,3,Medium,Medium
S0437,Joshua Mitchell,78,6,5,4,0,2,Medium,Medium
S0438,Tyler Harris,67,6,1,2,0,1,Low,Low
S0439,Charles Allen,94,7,5,2,2,2,Medium,Medium
S0440,Robert Martin,90,5,0,3,0,2,Medium,Medium
S0441,Madison Martin,88,6,0,4,2,3,Medium,Medium
S0442,Ella White,97,9,5,5,1,3,High,Medium
S0443,Zoe Johnson,98,5,4,4,2,3,Medium,Medium
S0444,Matthew Carter,89,6,5,4,0,3,Medium,Medium
S0445,Hannah Hall,73,7,4,5,0,2,Low,Low
S0446,Chloe Edwards,62,6,3,1,2,1,Low,Low
S0447,Sebastian Flores,66,9,2,2,3,1,Low,Low
S0448,Ava Torres,66,7,0,1,2,2,Low,Low
S0449,Layla Jackson,90,4,1,1,2,5,Medium,Medium
S0450,Victoria Anderson,67,3,2,3,2,3,Low,Low
S0451,Charlotte Turner,84,5,3,4,0,4,Medium,Medium
S0452,Joseph Rivera,98,4,5,0,2,1,Medium,Medium
S0453,Sebastian Gutierrez,81,6,4,4,2,1,Medium,Medium
S0454,Owen Harris,85,6,3,3,2,2,Medium,Medium
S0455,Camila Diaz,91,7,5,2,1,2,Medium,Medium
S0456,Anthony Turner,60,4,1,2,3,1,Low,Low
S0457,Ethan Gonzalez,69,3,3,2,3,5,Low,Low
S0458,Lily Williams,95,5,3,5,2,3,Medium,Medium
S0459,Aria Lopez,62,10,0,3,0,4,Low,Low
S0460,Brooklyn Ward,90,10,1,1,0,4,Medium,Medium
S0461,Aurora Gomez,56,9,4,1,3,5,Low,Low
S0462,Lily Martin,89,9,4,1,2,3,Medium,Medium
S0463,Zoey Gomez,77,5,3,0,3,2,Medium,Medium
S0464,Andrew Kim,54,4,1,0,3,0,Low,Low
S0465,Luke Allen,93,5,3,0,1,3,Medium,Medium
S0466,Jessica Morgan,62,6,4,0,1,0,Low,Low
S0467,Michael Edwards,65,4,1,1,2,1,Low,Low
S0468,Jack Thomas,82,3,0,1,3,4,Medium,Medium
S0469,Matthew Baker,59,6,0,2,2,2,Low,Low
S0470,Thomas Ward,57,6,2,2,2,3,Low,Low
S0471,Nathan Jackson,60,7,1,5,1,1,Low,Low
S0472,Samantha Hernandez,84,7,5,3,1,2,Medium,Medium
S0473,Adam Ortiz,88,5,4,3,1,3,Medium,Medium
S0474,Logan Garcia,100,4,3,5,1,2,Medium,Medium
S0475,Daniel Reed,86,6,4,3,2,2,Medium,Medium
S0476,Michael Ward,61,8,4,1,3,0,Low,Low
S0477,Thomas Nguyen,88,6,5,1,3,4,Medium,Medium
S0478,Victoria Gonzalez,65,4,0,5,3,0,Low,Low
S0479,Layla Lopez,64,9,4,3,2,2,Low,Low
S0480,Avery Jackson,67,5,5,4,2,0,Low,Low
S0481,William Wilson,71,9,5,1,1,4,Low,Low
S0482,Michael Perez,50,6,2,5,3,2,Low,Low
S0483,Amelia Miller,72,4,3,3,0,1,Low,Low
S0484,Amelia Bailey,80,3,1,0,1,1,Medium,Medium
S0485,Joshua Smith,86,3,4,0,1,5,Medium,Medium
S0486,Sebastian Baker,55,4,3,2,2,3,Low,Low
S0487,Amelia Roberts,85,8,3,0,1,4,Medium,Medium
S0488,Olivia Carter,58,8,5,4,2,2,Low,Low
S0489,Joseph Parker,65,3,5,4,3,3,Low,Low
S0490,Tyler Gonzalez,52,4,0,3,2,4,Low,Low
S0491,Isaac Adams,98,10,1,1,3,0,Medium,Medium
S0492,Luna Brown,65,3,3,2,1,1,Low,Low
S0493,Amelia Sanchez,97,10,5,5,1,2,Medium,Medium
S0494,Matthew Murphy,86,3,1,3,0,1,Medium,Medium
S0495,Penelope Torres,77,5,1,5,3,3,Medium,Medium
S0496,William Reed,77,6,3,5,3,1,Medium,Medium
S0497,Gabriel Peterson,72,5,4,2,1,2,Low,Low
S0498,William Flores,56,7,2,4,2,0,Low,Low
S0499,Daniel Jones,71,5,3,2,2,1,Low,Low
S0500,Mila Campbell,68,4,1,4,2,5,Low,Low
S0501,Jack Collins,95,6,4,3,2,5,Medium,Medium
S0502,Sophia Williams,69,5,1,3,1,5,Low,Low
S0503,Hannah Nguyen,89,6,5,0,2,0,Medium,Medium
S0504,William Davis,100,9,3,4,0,2,Medium,Medium
S0505,Layla Torres,83,3,4,4,0,2,Medium,Medium
S0506,Julian Thomas,92,8,5,3,0,0,Medium,Medium
S0507,Daniel Brown,76,4,1,3,2,4,Medium,Medium
S0508,Zoe Martin,72,7,1,3,2,2,Low,Low
S0509,Zoe Lewis,95,9,5,2,1,0,Medium,Medium
S0510,Brooklyn Jones,79,3,5,4,0,1,Medium,Medium
S0511,Aaron Torres,67,8,3,3,2,0,Low,Low
S0512,Abigail Hill,86,8,4,2,1,0,Medium,Medium
S0513,Owen Cook,98,9,4,2,0,0,Medium,Medium
S0514,Avery Evans,89,4,4,1,1,2,Medium,Medium
S0515,Brooklyn Davis,94,8,5,4,3,2,Medium,Medium
S0516,Chloe Peterson,60,4,3,2,2,2,Low,Low
S0517,Ryan Howard,57,5,4,3,0,5,Low,Low
S0518,Ava Wilson,54,4,4,0,1,2,Low,Low
S0519,Gabriel Murphy,97,10,2,4,0,2,Medium,Medium
S0520,Brooklyn Scott,97,6,0,4,2,1,Medium,Medium
S0521,Ella Reed,85,8,2,3,2,2,Medium,Medium
S0522,Zoey Adams,89,6,0,3,2,4,Medium,Medium
S0523,Ava Edwards,97,8,3,4,2,3,High,Medium
S0524,Benjamin Hernandez,95,5,0,2,1,0,Medium,Medium
S0525,Emma Clark,80,8,2,1,0,3,Medium,Medium
S0526,Camila Martinez,96,6,5,1,3,1,Medium,Medium
S0527,Henry Ramirez,68,10,4,2,3,1,Low,Low
S0528,David Wilson,80,3,1,3,1,0,Medium,Medium
S0529,Sophia Parker,90,9,3,4,0,3,Medium,Medium
S0530,Owen King,71,10,0,0,1,3,Low,Low
S0531,Charlotte Thompson,54,7,4,1,1,2,Low,Low
S0532,Hannah Peterson,73,4,3,3,2,5,Low,Low
S0533,Chloe Smith,79,4,1,0,1,3,Medium,Medium
S0534,Avery Diaz,53,8,0,0,1,4,Low,Low
S0535,Layla Anderson,97,9,4,1,1,2,Medium,Medium
S0536,Harper Scott,63,4,3,3,2,2,Low,Low
S0537,Emma Perez,98,5,4,3,2,2,Medium,Medium
S0538,Anthony Reed,64,4,5,4,1,0,Low,Low
S0539,Isabella Taylor,50,7,2,2,1,4,Low,Low
S0540,Thomas Evans,96,8,0,0,3,2,Medium,Medium
S0541,Chris Reyes,96,7,1,1,1,5,Medium,Medium
S0542,Nora Young,96,9,1,3,0,3,Medium,Medium
S0543,Mia Davis,84,9,1,3,1,5,Medium,Medium
S0544,Luke White,85,9,2,4,0,5,Medium,Medium
S0545,Olivia Cooper,52,5,0,0,1,3,Low,Low
S0546,Michael Martinez,76,7,5,4,0,5,Medium,Medium
S0547,Avery Nguyen,78,5,3,1,0,5,Medium,Medium
S0548,Emma Scott,52,8,1,5,0,0,Low,Low
S0549,Owen Robinson,70,10,0,1,1,2,Low,Low
S0550,Emily Young,88,3,5,1,0,2,Medium,Medium
S0551,Jessica Lopez,64,7,5,3,1,3,Low,Low
S0552,Avery Collins,96,5,4,3,2,2,Medium,Medium
S0553,Sophia Hall,78,7,0,2,0,4,Medium,Medium
S0554,Aria Turner,66,7,5,5,1,3,Low,Low
S0555,Isabella Walker,75,10,0,4,1,1,Medium,Medium
S0556,Emma Morgan,52,3,1,0,0,5,Low,Low
S0557,Ethan Hall,98,9,1,2,2,4,Medium,Medium
S0558,Grace Morris,54,4,3,1,2,4,Low,Low
S0559,Luke Taylor,59,5,1,1,0,0,Low,Low
S0560,Nathan Williams,59,3,4,5,3,5,Low,Low
S0561,Robert Cox,67,3,0,1,2,1,Low,Low
S0562,Amelia Perez,91,6,1,1,1,2,Medium,Medium
S0563,Alex Cooper,80,4,2,1,3,4,Medium,Medium
S0564,Daniel Roberts,85,8,0,2,2,5,Medium,Medium
S0565,Sophia Gonzalez,68,5,2,0,1,4,Low,Low
S0566,Samantha Morris,89,4,5,0,3,3,Medium,Medium
S0567,Olivia Lewis,82,5,0,1,2,2,Medium,Medium
S0568,William Davis,98,9,0,1,3,4,Medium,Medium
S0569,William Parker,77,5,4,1,3,3,Medium,Medium
S0570,William Adams,62,8,3,1,3,4,Low,Low
S0571,Jane Cook,50,9,5,4,1,4,Low,Low
S0572,Charles Walker,81,8,0,1,0,2,Medium,Medium
S0573,Joshua Bailey,63,10,3,3,3,0,Low,Low
S0574,Leo Reed,70,4,2,1,1,3,Low,Low
S0575,Emily Hill,64,6,2,3,0,0,Low,Low
S0576,Jacob Nguyen,98,8,1,1,3,5,Medium,Medium
S0577,Grace Lopez,97,7,1,2,3,0,Medium,Medium
S0578,Chris Roberts,90,8,3,4,2,0,Medium,Medium
S0579,Elijah Phillips,89,7,5,2,3,2,Medium,Medium
S0580,Elijah Torres,65,10,0,3,3,1,Low,Low
S0581,John Edwards,75,7,0,3,1,3,Medium,Medium
S0582,Jacob Martin,98,7,0,2,3,0,Medium,Medium
S0583,Ava Cook,54,9,2,0,3,5,Low,Low
S0584,Chloe Scott,92,9,3,1,2,2,Medium,Medium
S0585,Joseph Reyes,69,5,3,3,2,4,Low,Low
S0586,Jacob Anderson,64,7,5,0,2,2,Low,Low
S0587,Chloe Miller,83,3,4,4,0,1,Medium,Medium
S0588,Avery Cooper,70,10,5,1,2,2,Low,Low
S0589,Sarah Garcia,62,3,2,0,0,1,Low,Low
S0590,Joshua Allen,58,7,4,2,0,4,Low,Low
S0591,Anthony Lee,89,7,3,0,3,5,Medium,Medium
S0592,Jessica Carter,76,10,4,2,2,5,High,Medium
S0593,Chloe Kelly,59,7,2,0,0,3,Low,Low
S0594,Tyler Diaz,65,4,5,2,2,5,Low,Low
S0595,Sarah Moore,74,6,5,2,1,1,Low,Low
S0596,Madison Torres,73,7,2,2,0,4,Low,Low
S0597,Sebastian Davis,76,8,0,5,0,1,Medium,Medium
S0598,Ryan Martin,72,5,1,2,0,0,Low,Low
S0599,Ella Davis,56,9,4,0,2,3,Low,Low
S0600,James Howard,51,9,1,0,3,1,Low,Low
S0601,Joshua Jackson,88,3,5,4,1,1,Medium,Medium
S0602,Adam White,77,7,5,5,3,4,High,Medium
S0603,Grace Carter,90,3,0,2,3,5,Medium,Medium
S0604,Andrew Allen,77,5,3,2,3,0,Medium,Medium
S0605,Mia Smith,52,7,0,3,2,0,Low,Low
S0606,Olivia Hall,81,7,2,0,0,2,Medium,Medium
S0607,Hannah Collins,93,9,5,4,1,1,Medium,Medium
S0608,Henry Adams,79,10,2,5,1,5,Medium,Medium
S0609,Victoria Wright,71,9,3,2,3,5,Low,Low
S0610,Thomas Kim,55,4,2,1,1,5,Low,Low
S0611,Nora Howard,59,4,4,2,1,0,Low,Low
S0612,Lily Green,89,10,3,1,2,5,Medium,Medium
S0613,Avery Rogers,68,7,1,4,1,3,Low,Low
S0614,Layla Lee,98,7,0,4,1,0,Medium,Medium
S0615,Isabella Garcia,52,4,5,2,0,0,Low,Low
S0616,Emily Reyes,73,5,5,5,2,5,Low,Low
S0617,Luke Roberts,96,9,0,0,0,0,Medium,Medium
S0618,Penelope Miller,78,9,4,3,3,5,High,Medium
S0619,Jane Young,72,8,5,2,3,0,Low,Low
S0620,Luke Reed,58,10,2,2,1,2,Low,Low
S0621,Charlotte Murphy,66,8,0,2,1,4,Low,Low
S0622,Samuel Edwards,57,3,2,1,1,5,Low,Low
S0623,Camila Smith,95,4,3,0,1,1,Medium,Medium
S0624,Joshua Lopez,100,10,3,4,3,2,Medium,Medium
S0625,Matthew Ortiz,86,8,4,5,3,3,High,Medium
S0626,Adam Martin,98,5,2,3,3,4,Medium,Medium
S0627,Abigail Morris,66,6,3,2,3,0,Low,Low
S0628,Ava Hernandez,92,3,2,2,2,1,Medium,Medium
S0629,Victoria Lee,83,4,4,4,3,4,Medium,Medium
S0630,Mia Ortiz,64,9,2,4,0,2,Low,Low
S0631,Adam Brown,70,6,5,2,1,1,Low,Low
S0632,Samantha Kelly,77,6,1,0,1,2,Medium,Medium
S0633,Benjamin Morgan,63,7,5,2,3,2,Low,Low
S0634,Harper Ramirez,61,7,4,3,3,3,Low,Low
S0635,Elijah White,96,9,0,5,3,1,Medium,Medium
S0636,Isabella Cooper,81,8,4,1,1,1,Medium,Medium
S0637,Camila Lee,99,4,1,0,0,0,Medium,Medium
S0638,Henry Nguyen,81,5,2,4,2,0,Medium,Medium
S0639,Harper Hill,95,5,1,5,3,3,Medium,Medium
S0640,Isaac Lewis,96,5,4,1,0,5,Medium,Medium
S0641,Hannah Roberts,88,7,4,3,3,4,High,Medium
S0642,John Moore,80,7,4,3,0,5,Medium,Medium
S0643,Jane Ortiz,65,6,3,3,2,0,Low,Low
S0644,Mason Cox,60,10,5,5,1,2,Low,Low
S0645,Joshua Young,97,4,5,5,0,5,Medium,Medium
S0646,Nathan Johnson,66,5,3,0,2,2,Low,Low
S0647,Jane Rivera,61,7,1,5,2,1,Low,Low
S0648,Joshua Martinez,72,7,2,0,1,0,Low,Low
S0649,Aurora Ward,84,6,0,2,2,0,Medium,Medium
S0650,Layla Morales,75,4,4,4,2,4,Medium,Medium
S0651,Jacob Roberts,61,10,0,5,2,4,Low,Low
S0652,Aurora Adams,75,5,1,4,3,0,Medium,Medium
S0653,Samantha Martin,72,8,2,0,2,0,Low,Low
S0654,Lily Collins,100,7,4,5,1,3,High,Medium
S0655,Isaac Kelly,63,7,3,0,3,4,Low,Low
S0656,Nora Clark,60,4,0,3,1,1,Low,Low
S0657,Ryan Ortiz,100,9,0,0,3,4,Medium,Medium
S0658,Ryan Nelson,75,8,3,0,3,3,Medium,Medium
S0659,Lily Sanchez,87,6,2,2,2,2,Medium,Medium
S0660,Isabella Cox,79,3,1,5,3,1,Medium,Medium
S0661,Brooklyn Parker,50,5,5,3,2,4,Low,Low
S0662,Avery Lewis,67,6,2,0,1,0,Low,Low
S0663,David Gomez,97,8,1,1,1,4,Medium,Medium
S0664,Emma Robinson,76,8,2,3,1,3,Medium,Medium
S0665,Aria Miller,64,9,1,5,2,1,Low,Low
S0666,Joshua Lopez,54,10,3,1,3,1,Low,Low
S0667,Jane Howard,92,7,1,3,0,4,Medium,Medium
S0668,Ava Carter,94,5,1,1,0,0,Medium,Medium
S0669,Isabella Morgan,79,10,3,4,3,2,Medium,Medium
S0670,Sebastian Turner,57,4,1,0,2,0,Low,Low
S0671,Penelope Mitchell,51,7,4,4,1,3,Low,Low
S0672,Harper Gonzalez,59,10,0,0,2,5,Low,Low
S0673,Gabriel Morris,50,4,2,5,2,2,Low,Low
S0674,Avery Kim,85,3,1,2,2,0,Medium,Medium
S0675,Sarah Smith,96,8,1,1,3,4,Medium,Medium
S0676,Jack Allen,82,3,0,1,2,0,Medium,Medium
S0677,David Lopez,71,9,3,0,3,1,Low,Low
S0678,Charles Nguyen,84,3,4,5,1,0,Medium,Medium
S0679,Riley Green,89,3,0,5,1,5,Medium,Medium
S0680,Camila Morris,74,7,3,4,3,0,Low,Low
S0681,James Clark,87,4,5,1,1,1,Medium,Medium
S0682,Andrew Gonzalez,63,8,3,2,2,2,Low,Low
S0683,Zoe Morales,94,9,4,5,3,2,Medium,Medium
S0684,Nora Young,96,8,3,3,0,3,Medium,Medium
S0685,Jane Rogers,97,5,4,0,1,0,Medium,Medium
S0686,Logan Hill,74,3,2,1,1,5,Low,Low
S0687,Riley Williams,93,8,1,0,0,3,Medium,Medium
S0688,Sarah Walker,78,4,4,5,1,1,Medium,Medium
S0689,Ella Howard,51,3,3,2,2,1,Low,Low
S0690,Hannah Cruz,69,4,3,0,2,1,Low,Low
S0691,Luke Scott,92,9,0,2,3,1,Medium,Medium
S0692,Chris Kelly,95,6,3,0,1,1,Medium,Medium
S0693,Alex Campbell,84,9,1,3,0,0,Medium,Medium
S0694,Alex Stewart,55,5,2,2,2,4,Low,Low
S0695,Victoria Cook,90,9,1,0,3,3,Medium,Medium
S0696,Mason Thompson,53,9,2,4,0,2,Low,Low
S0697,Henry Gomez,80,5,5,3,0,0,Medium,Medium
S0698,Daniel Collins,61,7,2,2,2,3,Low,Low
S0699,Andrew Turner,83,9,1,5,3,3,Medium,Medium
S0700,Ella Howard,62,5,4,0,3,3,Low,Low
S0701,Henry Martinez,55,6,2,4,0,0,Low,Low
S0702,Joseph Phillips,75,4,4,5,1,3,Medium,Medium
S0703,Charlotte Bailey,64,7,1,5,3,3,Low,Low
S0704,Charles Hall,79,7,1,0,3,1,Medium,Medium
S0705,Anthony Allen,60,7,2,1,1,3,Low,Low
S0706,Ryan Moore,80,7,2,2,0,3,Medium,Medium
S0707,Benjamin Perez,56,3,4,4,1,4,Low,Low
S0708,Benjamin Peterson,86,6,1,1,2,0,Medium,Medium
S0709,Ryan Perez,67,3,2,2,2,2,Low,Low
S0710,Grace Scott,69,6,2,1,1,4,Low,Low
S0711,Aaron Gutierrez,97,3,3,4,3,2,Medium,Medium
S0712,Ethan Kim,82,5,2,3,1,4,Medium,Medium
S0713,Charlotte Taylor,79,6,0,4,1,0,Medium,Medium
S0714,Charlotte Morgan,53,9,4,0,2,0,Low,Low
S0715,Layla Murphy,69,8,3,0,2,5,Low,Low
S0716,Hannah Stewart,61,8,5,2,3,0,Low,Low
S0717,Zoe Lewis,89,3,1,5,0,5,Medium,Medium
S0718,Lily Roberts,78,9,2,0,0,1,Medium,Medium
S0719,Isaac Stewart,79,9,4,4,2,5,High,Medium
S0720,Leo Lopez,53,8,1,4,0,3,Low,Low
S0721,Matthew Martin,70,8,0,5,3,3,Low,Low
S0722,Camila Wright,62,3,5,2,1,3,Low,Low
S0723,Jessica Howard,65,7,2,2,3,3,Low,Low
S0724,Anthony Walker,81,4,3,4,0,1,Medium,Medium
S0725,Zoe Rivera,71,6,3,1,0,4,Low,Low
S0726,Joshua Smith,96,6,1,2,2,2,Medium,Medium
S0727,Sarah Jackson,73,5,2,3,1,3,Low,Low
S0728,James Sanchez,87,4,4,2,0,0,Medium,Medium
S0729,Hannah Moore,67,7,5,3,2,0,Low,Low
S0730,Brooklyn Gonzalez,61,6,1,5,0,3,Low,Low
S0731,Henry Young,86,4,1,0,1,0,Medium,Medium
S0732,Avery Nelson,56,10,0,2,1,1,Low,Low
S0733,Ryan Flores,79,6,4,1,3,2,Medium,Medium
S0734,Zoe Baker,81,9,0,4,2,4,Medium,Medium
S0735,William Peterson,74,7,4,2,3,3,Low,Low
S0736,Alex Cruz,68,4,0,0,2,4,Low,Low
S0737,Luke Johnson,70,9,0,1,3,1,Low,Low
S0738,Victoria Harris,66,3,3,2,3,2,Low,Low
S0739,Joshua Campbell,83,4,5,0,1,0,Medium,Medium
S0740,Nathan Cooper,64,6,5,5,0,1,Low,Low
S0741,Emily Davis,81,8,2,3,0,4,Medium,Medium
S0742,John Moore,96,6,0,1,3,1,Medium,Medium
S0743,Sebastian Cook,64,6,0,0,3,1,Low,Low
S0744,Ava Perez,74,3,2,0,1,2,Low,Low
S0745,Penelope Morales,64,3,4,2,2,2,Low,Low
S0746,Ava Flores,79,9,4,0,0,0,Medium,Medium
S0747,Nora Green,68,3,4,1,1,3,Low,Low
S0748,Chris Johnson,87,4,0,1,1,3,Medium,Medium
S0749,Ava Torres,58,9,3,1,1,3,Low,Low
S0750,John Wilson,61,5,5,1,3,0,Low,Low
S0751,William Jones,75,10,4,4,3,5,High,Medium
S0752,Jacob Thompson,86,9,5,1,1,3,Medium,Medium
S0753,Robert Nelson,96,4,4,0,0,0,Medium,Medium
S0754,Leo Cruz,86,9,0,3,0,4,Medium,Medium
S0755,Lily Thompson,91,3,3,1,0,4,Medium,Medium
S0756,Emma Martinez,71,3,2,0,2,1,Low,Low
S0757,Penelope Moore,77,7,1,1,0,4,Medium,Medium
S0758,Sebastian Ward,60,3,1,2,3,2,Low,Low
S0759,Mila Ward,57,9,5,0,3,4,Low,Low
S0760,Alex Brown,94,9,4,3,1,0,Medium,Medium
S0761,Ryan Taylor,79,6,3,1,2,4,Medium,Medium
S0762,Ava Thompson,81,10,2,5,1,5,Medium,Medium
S0763,Andrew Cook,89,8,4,3,3,5,High,Medium
S0764,John Davis,72,8,5,4,3,4,Low,Low
S0765,Penelope Murphy,74,8,1,5,0,2,Low,Low
S0766,Ryan Morales,78,9,4,5,3,1,Medium,Medium
S0767,Isaac Turner,55,6,2,1,1,0,Low,Low
S0768,Avery Davis,62,5,3,1,3,5,Low,Low
S0769,Leo Kelly,70,4,2,5,1,2,Low,Low
S0770,Tyler Hall,99,7,1,0,0,0,Medium,Medium
S0771,Adam Hall,72,7,0,4,3,2,Low,Low
S0772,Charlotte Evans,73,4,0,4,1,3,Low,Low
S0773,Jack Phillips,98,5,5,3,2,4,Medium,Medium
S0774,John Flores,93,3,3,5,0,5,Medium,Medium
S0775,Ella White,86,3,0,3,0,5,Medium,Medium
S0776,Nora Rogers,66,8,1,1,3,0,Low,Low
S0777,Sophie Cox,63,10,0,1,0,0,Low,Low
S0778,Scarlett Phillips,50,4,4,3,1,1,Low,Low
S0779,Samuel Harris,95,10,2,4,0,5,Medium,Medium
S0780,Victoria Collins,99,9,4,4,3,3,High,Medium
S0781,Isabella Johnson,67,9,4,4,3,4,Low,Low
S0782,Mason King,68,7,3,3,1,4,Low,Low
S0783,Isabella Jones,77,10,0,2,0,4,Medium,Medium
S0784,Madison Reed,79,4,2,2,2,2,Medium,Medium
S0785,Camila Collins,89,5,2,5,0,5,Medium,Medium
S0786,Emily Thompson,72,4,1,1,1,4,Low,Low
S0787,Zoey Hill,82,10,0,5,1,0,Medium,Medium
S0788,Benjamin Kim,99,5,1,4,2,0,Medium,Medium
S0789,Charles Davis,67,4,0,2,1,4,Low,Low
S0790,Jacob Richardson,82,10,5,4,1,4,High,Medium
S0791,Jacob Howard,98,3,4,5,3,0,Medium,Medium
S0792,Jessica Harris,68,5,4,2,3,2,Low,Low
S0793,Michael Thompson,90,8,5,4,1,1,Medium,Medium
S0794,Isabella Hernandez,70,10,0,0,1,2,Low,Low
S0795,Jessica Nelson,81,5,4,3,0,0,Medium,Medium
S0796,Michael Perez,78,4,3,2,0,1,Medium,Medium
S0797,Abigail Morales,61,4,4,1,2,2,Low,Low
S0798,Luke Collins,80,8,3,2,1,4,High,Medium
S0799,Mila Allen,80,4,1,4,0,4,Medium,Medium
S0800,Thomas Robinson,62,8,2,2,0,4,Low,Low
S0801,Gabriel Ramos,73,9,5,1,3,3,Low,Low
S0802,Mason Ramirez,64,5,0,5,2,4,Low,Low
S0803,Emma Reed,50,7,4,0,3,3,Low,Low
S0804,Sophia Thompson,55,6,1,1,1,1,Low,Low
S0805,Sebastian Stewart,95,10,3,4,0,5,Medium,Medium
S0806,Gabriel Adams,83,4,3,3,3,5,Medium,Medium
S0807,Sophia Perez,73,8,4,0,1,5,Low,Low
S0808,Victoria Hall,64,9,0,4,3,5,Low,Low
S0809,Andrew Walker,87,5,2,3,3,5,Medium,Medium
S0810,Emma Collins,62,6,5,0,0,1,Low,Low
S0811,Sarah Kim,92,8,0,1,3,4,Medium,Medium
S0812,Aaron Stewart,69,5,2,5,1,3,Low,Low
S0813,Luna Parker,64,5,4,1,3,0,Low,Low
S0814,Jessica Gomez,58,6,0,1,3,3,Low,Low
S0815,Luna Flores,54,4,0,5,0,4,Low,Low
S0816,Elijah Hill,98,4,2,1,1,1,Medium,Medium
S0817,David Hernandez,100,9,4,1,1,5,Medium,Medium
S0818,Elijah Nelson,88,8,4,0,0,5,Medium,Medium
S0819,Elijah Harris,69,6,5,3,0,4,Low,Low
S0820,Owen Harris,92,6,4,4,2,5,Medium,Medium
S0821,Grace King,84,7,1,3,3,0,Medium,Medium
S0822,Riley Harris,72,4,1,1,1,3,Low,Low
S0823,Olivia Ward,99,4,5,5,2,3,Medium,Medium
S0824,Penelope Reyes,53,3,0,0,0,4,Low,Low
S0825,Tyler Lopez,83,7,3,5,1,4,High,Medium
S0826,Andrew Edwards,83,4,0,1,1,5,Medium,Medium
S0827,Isaac Collins,54,4,5,3,2,4,Low,Low
S0828,Charlotte Gonzalez,61,3,2,4,2,1,Low,Low
S0829,Harper Taylor,93,10,5,0,2,0,Medium,Medium
S0830,Grace Anderson,57,9,0,5,1,3,Low,Low
S0831,Luke Young,71,4,1,4,3,1,Low,Low
S0832,Camila King,99,4,3,3,2,3,Medium,Medium
S0833,Zoey Green,68,10,1,2,0,0,Low,Low
S0834,Riley Baker,95,3,0,4,2,3,Medium,Medium
S0835,Isaac Bailey,91,5,4,5,1,3,Medium,Medium
S0836,Alex Hall,97,8,0,4,1,4,Medium,Medium
S0837,Sebastian Baker,76,4,5,3,1,4,Medium,Medium
S0838,Emma Harris,53,5,3,2,1,5,Low,Low
S0839,Sebastian Wilson,53,8,2,2,2,5,Low,Low
S0840,Leo Peterson,90,8,2,4,0,0,Medium,Medium
S0841,Logan Carter,61,10,5,0,1,3,Low,Low
S0842,Owen Taylor,97,5,0,4,3,0,Medium,Medium
S0843,Luke Reed,98,9,5,4,1,3,High,Medium
S0844,Luna Williams,91,5,0,5,2,1,Medium,Medium
S0845,James Mitchell,90,10,3,4,3,1,Medium,Medium
S0846,David Davis,68,8,5,5,0,3,Low,Low
S0847,Owen Johnson,88,9,2,3,3,5,Medium,Medium
S0848,Luna Hernandez,95,6,1,3,2,3,Medium,Medium
S0849,Daniel Morgan,51,3,3,0,3,0,Low,Low
S0850,Layla Murphy,79,4,3,3,3,5,Medium,Medium
S0851,Benjamin Ortiz,95,8,5,2,0,1,Medium,Medium
S0852,Daniel Williams,68,5,5,5,2,4,Low,Low
S0853,Logan Lopez,84,10,4,4,3,2,Medium,Medium
S0854,Sarah Ward,57,5,5,0,1,3,Low,Low
S0855,David Morris,61,3,2,3,0,2,Low,Low
S0856,Jane Jones,81,10,5,5,0,5,Medium,Medium
S0857,Isabella Mitchell,81,10,3,4,2,4,High,Medium
S0858,Victoria Smith,63,4,5,5,1,2,Low,Low
S0859,Charlotte Nguyen,60,9,5,1,3,0,Low,Low
S0860,James Thomas,96,6,1,5,0,1,Medium,Medium
S0861,Zoey Taylor,77,8,3,2,3,1,Medium,Medium
S0862,Aurora Green,75,7,5,2,1,2,Medium,Medium
S0863,Charlotte Young,88,3,4,1,1,5,Medium,Medium
S0864,Camila Davis,100,6,1,3,3,4,Medium,Medium
S0865,Mason Allen,63,6,5,2,1,0,Low,Low
S0866,Grace Gutierrez,83,3,4,3,2,0,Medium,Medium
S0867,Aurora Ramos,77,5,1,1,2,0,Medium,Medium
S0868,Emily Morris,71,8,1,0,0,1,Low,Low
S0869,Sophie Rivera,70,3,5,3,2,3,Low,Low
S0870,Isabella White,62,10,2,0,3,3,Low,Low
S0871,Thomas Roberts,90,10,3,5,0,1,Medium,Medium
S0872,Aurora Morgan,63,10,2,4,2,4,Low,Low
S0873,Sophie Scott,57,7,3,2,0,3,Low,Low
S0874,Joseph Kim,62,7,0,4,1,4,Low,Low
S0875,Abigail Hernandez,97,9,3,0,1,5,Medium,Medium
S0876,John White,100,4,2,3,0,0,Medium,Medium
S0877,Thomas Ortiz,84,3,5,3,2,0,Medium,Medium
S0878,Aria Gomez,63,6,0,4,2,2,Low,Low
S0879,Avery Turner,62,4,4,3,0,1,Low,Low
S0880,Charles Young,90,8,5,1,3,0,Medium,Medium
S0881,Alex Hall,100,7,4,3,2,1,Medium,Medium
S0882,Mila Gutierrez,82,4,4,2,1,5,Medium,Medium
S0883,Adam Jackson,79,9,1,1,1,4,Medium,Medium
S0884,William Gutierrez,65,9,0,2,0,3,Low,Low
S0885,Robert Wilson,99,5,2,5,2,5,Medium,Medium
S0886,Ryan Howard,53,3,5,2,3,1,Low,Low
S0887,Harper Lopez,65,3,4,5,0,4,Low,Low
S0888,Owen Cooper,71,3,0,4,2,3,Low,Low
S0889,Tyler Perez,91,6,5,3,2,4,Medium,Medium
S0890,Tyler Ward,84,9,5,1,3,3,Medium,Medium
S0891,Andrew Gonzalez,99,8,5,2,2,3,High,Medium
S0892,Jack Ramos,62,9,2,1,1,4,Low,Low
S0893,Daniel Edwards,94,3,2,0,2,1,Medium,Medium
S0894,Henry Diaz,89,5,0,2,3,4,Medium,Medium
S0895,Aaron Bailey,55,8,4,2,0,3,Low,Low
S0896,Luna Robinson,81,6,3,5,2,1,Medium,Medium
S0897,Layla Cooper,55,3,5,0,1,5,Low,Low
S0898,Zoey Reed,80,5,1,3,2,4,Medium,Medium
S0899,Ethan Phillips,81,4,4,2,0,1,Medium,Medium
S0900,Zoe Nelson,79,6,1,1,0,1,Medium,Medium
S0901,Riley Williams,96,7,1,3,0,1,Medium,Medium
S0902,Anthony Hill,66,10,4,3,0,1,Low,Low
S0903,Thomas Hernandez,51,4,3,5,0,0,Low,Low
S0904,Mia Nelson,69,10,4,2,3,5,Low,Low
S0905,Madison Jones,94,6,1,2,1,2,Medium,Medium
S0906,Charlotte Nelson,71,5,4,2,2,3,Low,Low
S0907,Jessica Ramirez,85,6,2,0,2,4,Medium,Medium
S0908,Henry Rogers,86,5,4,3,2,5,Medium,Medium
S0909,Adam Hall,81,9,5,1,2,3,Medium,Medium
S0910,Sophia Taylor,100,7,2,3,3,2,Medium,Medium
S0911,Andrew Harris,72,3,2,2,0,4,Low,Low
S0912,Samuel Lopez,63,6,0,0,1,0,Low,Low
S0913,Sarah Gonzalez,67,7,5,0,0,5,Low,Low
S0914,Tyler Campbell,64,4,5,5,2,0,Low,Low
S0915,Robert Edwards,83,6,2,4,3,3,Medium,Medium
S0916,Samantha Bailey,67,7,5,0,0,3,Low,Low
S0917,Sophie Allen,72,5,5,2,0,2,Low,Low
S0918,Avery Martin,75,10,2,5,2,0,Medium,Medium
S0919,Samuel Walker,54,4,1,0,2,3,Low,Low
S0920,Olivia Roberts,73,4,5,3,0,0,Low,Low
S0921,Ryan Howard,89,9,0,1,1,3,Medium,Medium
S0922,Tyler Rivera,88,4,5,5,0,2,Medium,Medium
S0923,Ryan Lewis,90,6,2,2,0,5,Medium,Medium
S0924,Camila Jackson,73,10,4,3,3,3,Low,Low
S0925,Riley Mitchell,98,7,2,5,1,1,Medium,Medium
S0926,Chris Wilson,91,10,2,5,3,2,Medium,Medium
S0927,James Jones,96,3,5,5,1,1,Medium,Medium
S0928,Matthew Roberts,66,9,1,2,0,0,Low,Low
S0929,Luke Flores,91,7,5,5,1,2,Medium,Medium
S0930,Amelia Clark,62,10,4,3,2,3,Low,Low
S0931,Matthew Williams,74,5,5,5,2,5,Low,Low
S0932,Amelia Hill,51,5,4,3,2,3,Low,Low
S0933,Logan Ramos,81,10,0,3,0,3,Medium,Medium
S0934,Lily Mitchell,55,7,2,2,3,1,Low,Low
S0935,Charlotte Rogers,82,7,5,5,3,3,High,Medium
S0936,Victoria Cook,76,6,0,0,0,3,Medium,Medium
S0937,Lily Mitchell,88,3,3,2,3,5,Medium,Medium
S0938,Adam White,96,4,1,0,2,3,Medium,Medium
S0939,Charlotte Evans,85,10,1,1,2,1,Medium,Medium
S0940,Ryan Hill,50,5,5,0,2,0,Low,Low
S0941,Ava Hill,61,4,0,2,2,5,Low,Low
S0942,Charles Campbell,92,10,0,1,3,2,Medium,Medium
S0943,Abigail Lee,73,7,5,4,3,1,Low,Low
S0944,Joshua Thompson,81,3,2,5,2,3,Medium,Medium
S0945,John Roberts,55,7,3,1,2,3,Low,Low
S0946,Zoey Allen,93,10,3,0,1,4,Medium,Medium
S0947,Anthony Cook,71,5,2,0,0,5,Low,Low
S0948,Aria Garcia,98,10,2,4,3,0,Medium,Medium
S0949,Layla Roberts,50,7,3,5,3,2,Low,Low
S0950,John Thompson,56,6,3,1,2,3,Low,Low
S0951,Joseph Gutierrez,51,8,0,1,2,1,Low,Low
S0952,Camila Ward,56,4,4,5,1,5,Low,Low
S0953,Jacob Reed,58,3,0,5,1,0,Low,Low
S0954,Joshua Jones,74,5,0,0,3,5,Low,Low
S0955,Brooklyn Roberts,67,3,4,5,1,5,Low,Low
S0956,Abigail Harris,52,3,1,2,2,1,Low,Low
S0957,Jacob Flores,76,5,4,3,1,1,Medium,Medium
S0958,Zoey Ramirez,90,3,0,1,2,0,Medium,Medium
S0959,Brooklyn Hill,85,3,2,1,3,0,Medium,Medium
S0960,Abigail Stewart,88,6,2,3,3,2,Medium,Medium
S0961,Lily Bailey,50,8,4,3,0,1,Low,Low
S0962,Nathan Torres,94,9,2,3,3,2,Medium,Medium
S0963,James Howard,51,10,0,5,1,5,Low,Low
S0964,Zoey Perez,99,5,0,3,1,2,Medium,Medium
S0965,Jessica Diaz,65,9,5,4,1,3,Low,Low
S0966,Luke Edwards,74,4,4,5,3,5,Low,Low
S0967,Tyler Wright,62,10,1,1,1,5,Low,Low
S0968,Aaron Lee,68,10,5,4,0,1,Low,Low
S0969,Michael Roberts,77,5,3,2,1,1,Medium,Medium
S0970,Lily Harris,78,10,3,4,1,5,High,Medium
S0971,Mia Ramos,75,9,4,4,2,5,High,Medium
S0972,Joshua Murphy,84,8,5,0,2,5,Medium,Medium
S0973,Nathan Hall,63,8,1,5,3,4,Low,Low
S0974,Alex Collins,64,10,0,3,3,5,Low,Low
S0975,Avery Cruz,68,4,0,2,2,1,Low,Low
S0976,Jane Torres,89,4,0,2,2,1,Medium,Medium
S0977,Jacob Torres,78,6,3,3,2,5,Medium,Medium
S0978,Ryan Ramirez,76,4,5,5,0,5,Medium,Medium
S0979,Madison Green,84,7,5,2,3,5,High,Medium
S0980,Logan Howard,72,9,5,4,0,0,Low,Low
S0981,William Green,55,8,2,0,2,1,Low,Low
S0982,Mason Smith,76,6,2,5,0,3,Medium,Medium
S0983,Elijah White,81,5,0,2,2,3,Medium,Medium
S0984,Brooklyn Brown,90,3,2,2,1,5,Medium,Medium
S0985,Anthony Johnson,76,9,4,5,0,2,Medium,Medium
S0986,Joseph Smith,94,9,2,4,1,1,Medium,Medium
S0987,Madison Bailey,91,10,2,0,2,3,Medium,Medium
S0988,Ella Turner,62,8,1,4,0,4,Low,Low
S0989,Olivia Martin,68,9,2,2,0,1,Low,Low
S0990,Sophie Moore,71,7,5,4,0,5,Low,Low
S0991,Camila Jones,87,10,1,0,2,4,Medium,Medium
S0992,Grace Carter,50,5,3,5,0,3,Low,Low
S0993,Brooklyn Mitchell,80,8,3,0,0,5,Medium,Medium
S0994,Ethan Robinson,78,6,4,3,1,4,Medium,Medium
S0995,Luke Ramos,56,3,0,1,1,0,Low,Low
S0996,Charles Green,70,8,5,3,1,1,Low,Low
S0997,Madison Martinez,80,5,1,0,0,1,Medium,Medium
S0998,Henry Clark,58,9,0,4,0,0,Low,Low
S0999,Tyler Thompson,73,6,1,2,1,2,Low,Low
S1000,Anthony Harris,54,9,4,2,0,4,Low,Low
